
DROP TABLE IF EXISTS `TAB_USUARIO`;

CREATE TABLE `TAB_USUARIO` (
  `ID_USUARIO` int(11) NOT NULL AUTO_INCREMENT,
  `RAZAO` varchar(50) NOT NULL,
  `CNPJ` char(20) NOT NULL,
  `FONE` char(20) DEFAULT NULL,
  `RESPONSAVEL` varchar(50) NOT NULL,
  `EMAIL` varchar(50) NOT NULL,
  `SENHA` char(20) NOT NULL,
  `DATA_CADASTRO` timestamp NOT NULL DEFAULT CURRENT_TIMESTAMP ON UPDATE CURRENT_TIMESTAMP,
  `STATUS` enum('A','I') NOT NULL DEFAULT 'A',
  PRIMARY KEY (`ID_USUARIO`),
  UNIQUE KEY `EMAIL_UNIQUE` (`EMAIL`)
) ENGINE=InnoDB AUTO_INCREMENT=4 DEFAULT CHARSET=utf8;


LOCK TABLES `TAB_USUARIO` WRITE;
/*!40000 ALTER TABLE `TAB_USUARIO` DISABLE KEYS */;
INSERT INTO `TAB_USUARIO` VALUES (1,'LÁTEX','5252141252/101','11 4712-5000','WILLIAM FRANCISCO LEITE','wllfl@gmail.com','MTIzNDU2','2014-04-22 10:11:35','A'),(3,'HYPERMARCAS','236214263/10','11 4178-5263','KATIA DE PAULA SIMÕES NETO','katia@gmail.com','MTIzNDU2','2014-04-22 16:40:11','A');
/*!40000 ALTER TABLE `TAB_USUARIO` ENABLE KEYS */;
UNLOCK TABLES;


DROP TABLE IF EXISTS `TAB_IMPORTACAO`;
CREATE TABLE `TAB_IMPORTACAO` (
  `ID_IMPORTACAO` int(11) NOT NULL AUTO_INCREMENT,
  `ID_USUARIO` int(11) NOT NULL,
  `DATA_IMPORTACAO` timestamp NOT NULL DEFAULT CURRENT_TIMESTAMP ON UPDATE CURRENT_TIMESTAMP,
  `QTDE_REGISTRO` mediumint(9) NOT NULL,
  `STATUS` varchar(15) NOT NULL,
  `MSG` varchar(250) DEFAULT NULL,
  `ID_OPERACAO` varchar(25) NOT NULL,
  PRIMARY KEY (`ID_IMPORTACAO`),
  KEY `fk_TAB_IMPORTACAO_TAB_USUARIO1_idx` (`ID_USUARIO`),
  CONSTRAINT `FK_ID_USUARIO` FOREIGN KEY (`ID_USUARIO`) REFERENCES `TAB_USUARIO` (`ID_USUARIO`) ON DELETE NO ACTION ON UPDATE NO ACTION
) ENGINE=InnoDB AUTO_INCREMENT=13 DEFAULT CHARSET=utf8;

LOCK TABLES `TAB_IMPORTACAO` WRITE;
/*!40000 ALTER TABLE `TAB_IMPORTACAO` DISABLE KEYS */;
INSERT INTO `TAB_IMPORTACAO` VALUES (1,3,'2014-04-22 17:53:00',8,'SUCESSO',NULL,''),(2,3,'2014-04-22 17:53:00',8,'SUCESSO',NULL,''),(3,3,'2014-04-22 17:54:18',8,'SUCESSO',NULL,''),(4,3,'2014-04-22 17:56:52',8,'SUCESSO',NULL,''),(5,3,'2014-04-22 17:57:16',8,'SUCESSO',NULL,''),(6,3,'2014-04-22 18:00:20',8,'SUCESSO',NULL,'3140422180020'),(7,3,'2014-04-22 18:26:24',80,'SUCESSO',NULL,'3140422182624'),(8,3,'2014-04-23 15:05:36',80,'SUCESSO',NULL,'3140423150536'),(9,3,'2014-04-23 15:12:18',80,'SUCESSO',NULL,'3140423151217'),(10,3,'2014-04-23 15:15:17',80,'SUCESSO',NULL,'3140423151517'),(11,3,'2014-04-23 15:37:20',80,'SUCESSO',NULL,'3140423153720'),(12,1,'2014-04-23 17:25:08',80,'SUCESSO',NULL,'1140423172508');
/*!40000 ALTER TABLE `TAB_IMPORTACAO` ENABLE KEYS */;
UNLOCK TABLES;


DROP TABLE IF EXISTS `TAB_PLANILHA`;
/*!40101 SET @saved_cs_client     = @@character_set_client */;
/*!40101 SET character_set_client = utf8 */;
CREATE TABLE `TAB_PLANILHA` (
  `ID_PLANILHA` int(11) NOT NULL AUTO_INCREMENT,
  `ID_USUARIO` int(11) NOT NULL,
  `ID_OPERACAO` varchar(25) NOT NULL,
  `PATOLOGIA` varchar(30) NOT NULL,
  `FAIXA_ETARIA` varchar(6) NOT NULL,
  `SEXO` varchar(1) NOT NULL,
  `QTDE_D` mediumint(9) NOT NULL DEFAULT '0',
  `QTDE_S` mediumint(9) NOT NULL DEFAULT '0',
  `QTDE_N` mediumint(9) NOT NULL DEFAULT '0',
  `QTDE_T` mediumint(9) NOT NULL DEFAULT '0',
  `QTDE_H` mediumint(9) NOT NULL DEFAULT '0',
  `DATA` timestamp NOT NULL DEFAULT CURRENT_TIMESTAMP ON UPDATE CURRENT_TIMESTAMP,
  PRIMARY KEY (`ID_PLANILHA`),
  KEY `FK_ID_IMPORTACAO_IDX` (`ID_USUARIO`)
) ENGINE=InnoDB AUTO_INCREMENT=600 DEFAULT CHARSET=utf8;

LOCK TABLES `TAB_PLANILHA` WRITE;
/*!40000 ALTER TABLE `TAB_PLANILHA` DISABLE KEYS */;
INSERT INTO `TAB_PLANILHA` VALUES (520,1,'1140423172508','COLESTEROL','18-20','F',10,3,5,0,2,'2014-04-23 17:25:08'),(521,1,'1140423172508','COLESTEROL','21-30','F',5,10,11,6,12,'2014-04-23 17:25:08'),(522,1,'1140423172508','COLESTEROL','31-40','F',12,12,8,9,6,'2014-04-23 17:25:08'),(523,1,'1140423172508','COLESTEROL','41-50','F',6,9,6,9,10,'2014-04-23 17:25:08'),(524,1,'1140423172508','COLESTEROL','51-60','F',3,15,5,11,5,'2014-04-23 17:25:08'),(525,1,'1140423172508','COLESTEROL','61-70','F',2,3,10,3,6,'2014-04-23 17:25:08'),(526,1,'1140423172508','COLESTEROL','71-80','F',1,0,6,0,2,'2014-04-23 17:25:08'),(527,1,'1140423172508','COLESTEROL','81-90','F',0,0,0,0,3,'2014-04-23 17:25:08'),(528,1,'1140423172508','COLESTEROL','18-20','M',10,3,5,0,2,'2014-04-23 17:25:08'),(529,1,'1140423172508','COLESTEROL','21-30','M',5,10,11,6,10,'2014-04-23 17:25:08'),(530,1,'1140423172508','COLESTEROL','31-40','M',12,12,8,9,9,'2014-04-23 17:25:08'),(531,1,'1140423172508','COLESTEROL','41-50','M',6,9,6,9,2,'2014-04-23 17:25:08'),(532,1,'1140423172508','COLESTEROL','51-60','M',3,15,5,11,2,'2014-04-23 17:25:08'),(533,1,'1140423172508','COLESTEROL','61-70','M',2,3,10,3,10,'2014-04-23 17:25:08'),(534,1,'1140423172508','COLESTEROL','71-80','M',1,0,6,0,2,'2014-04-23 17:25:08'),(535,1,'1140423172508','COLESTEROL','81-90','M',0,0,0,0,3,'2014-04-23 17:25:08'),(536,1,'1140423172508','TRIGLICERÍDEOS','18-20','F',10,3,5,0,0,'2014-04-23 17:25:08'),(537,1,'1140423172508','TRIGLICERÍDEOS','21-30','F',5,10,11,6,6,'2014-04-23 17:25:08'),(538,1,'1140423172508','TRIGLICERÍDEOS','31-40','F',12,12,8,9,9,'2014-04-23 17:25:08'),(539,1,'1140423172508','TRIGLICERÍDEOS','41-50','F',6,9,6,9,9,'2014-04-23 17:25:08'),(540,1,'1140423172508','TRIGLICERÍDEOS','51-60','F',3,15,5,11,11,'2014-04-23 17:25:08'),(541,1,'1140423172508','TRIGLICERÍDEOS','61-70','F',2,3,10,3,3,'2014-04-23 17:25:08'),(542,1,'1140423172508','TRIGLICERÍDEOS','71-80','F',1,0,6,0,0,'2014-04-23 17:25:08'),(543,1,'1140423172508','TRIGLICERÍDEOS','81-90','F',0,0,0,0,0,'2014-04-23 17:25:08'),(544,1,'1140423172508','TRIGLICERÍDEOS','18-20','M',10,3,5,0,0,'2014-04-23 17:25:08'),(545,1,'1140423172508','TRIGLICERÍDEOS','21-30','M',5,10,11,6,6,'2014-04-23 17:25:08'),(546,1,'1140423172508','TRIGLICERÍDEOS','31-40','M',12,12,8,9,9,'2014-04-23 17:25:08'),(547,1,'1140423172508','TRIGLICERÍDEOS','41-50','M',6,9,6,9,9,'2014-04-23 17:25:08'),(548,1,'1140423172508','TRIGLICERÍDEOS','51-60','M',3,15,5,11,11,'2014-04-23 17:25:08'),(549,1,'1140423172508','TRIGLICERÍDEOS','61-70','M',2,3,10,3,3,'2014-04-23 17:25:08'),(550,1,'1140423172508','TRIGLICERÍDEOS','71-80','M',1,0,6,0,0,'2014-04-23 17:25:08'),(551,1,'1140423172508','TRIGLICERÍDEOS','81-90','M',0,0,0,0,0,'2014-04-23 17:25:08'),(552,1,'1140423172508','GLICEMIA','18-20','F',10,3,5,0,0,'2014-04-23 17:25:08'),(553,1,'1140423172508','GLICEMIA','21-30','F',5,10,11,6,6,'2014-04-23 17:25:08'),(554,1,'1140423172508','GLICEMIA','31-40','F',12,12,8,9,9,'2014-04-23 17:25:08'),(555,1,'1140423172508','GLICEMIA','41-50','F',6,9,6,9,9,'2014-04-23 17:25:08'),(556,1,'1140423172508','GLICEMIA','51-60','F',3,15,5,11,11,'2014-04-23 17:25:08'),(557,1,'1140423172508','GLICEMIA','61-70','F',2,3,10,3,3,'2014-04-23 17:25:08'),(558,1,'1140423172508','GLICEMIA','71-80','F',1,0,6,0,0,'2014-04-23 17:25:08'),(559,1,'1140423172508','GLICEMIA','81-90','F',0,0,0,0,0,'2014-04-23 17:25:08'),(560,1,'1140423172508','GLICEMIA','18-20','M',10,3,5,0,0,'2014-04-23 17:25:08'),(561,1,'1140423172508','GLICEMIA','21-30','M',5,10,11,6,6,'2014-04-23 17:25:08'),(562,1,'1140423172508','GLICEMIA','31-40','M',12,12,8,9,9,'2014-04-23 17:25:08'),(563,1,'1140423172508','GLICEMIA','41-50','M',6,9,6,9,9,'2014-04-23 17:25:08'),(564,1,'1140423172508','GLICEMIA','51-60','M',3,15,5,11,11,'2014-04-23 17:25:08'),(565,1,'1140423172508','GLICEMIA','61-70','M',2,3,10,3,3,'2014-04-23 17:25:08'),(566,1,'1140423172508','GLICEMIA','71-80','M',1,0,6,0,0,'2014-04-23 17:25:08'),(567,1,'1140423172508','GLICEMIA','81-90','M',0,0,0,0,0,'2014-04-23 17:25:08'),(568,1,'1140423172508','HIPOTIROIDISMO','18-20','F',10,3,5,0,0,'2014-04-23 17:25:08'),(569,1,'1140423172508','HIPOTIROIDISMO','21-30','F',5,10,11,6,6,'2014-04-23 17:25:08'),(570,1,'1140423172508','HIPOTIROIDISMO','31-40','F',12,12,8,9,9,'2014-04-23 17:25:08'),(571,1,'1140423172508','HIPOTIROIDISMO','41-50','F',6,9,6,9,9,'2014-04-23 17:25:08'),(572,1,'1140423172508','HIPOTIROIDISMO','51-60','F',3,15,5,11,11,'2014-04-23 17:25:08'),(573,1,'1140423172508','HIPOTIROIDISMO','61-70','F',2,3,10,3,3,'2014-04-23 17:25:08'),(574,1,'1140423172508','HIPOTIROIDISMO','71-80','F',1,0,6,0,0,'2014-04-23 17:25:08'),(575,1,'1140423172508','HIPOTIROIDISMO','81-90','F',0,0,0,0,0,'2014-04-23 17:25:08'),(576,1,'1140423172508','HIPOTIROIDISMO','18-20','M',10,3,5,0,0,'2014-04-23 17:25:08'),(577,1,'1140423172508','HIPOTIROIDISMO','21-30','M',5,10,11,6,6,'2014-04-23 17:25:08'),(578,1,'1140423172508','HIPOTIROIDISMO','31-40','M',12,12,8,9,9,'2014-04-23 17:25:08'),(579,1,'1140423172508','HIPOTIROIDISMO','41-50','M',6,9,6,9,9,'2014-04-23 17:25:08'),(580,1,'1140423172508','HIPOTIROIDISMO','51-60','M',3,15,5,11,11,'2014-04-23 17:25:08'),(581,1,'1140423172508','HIPOTIROIDISMO','61-70','M',2,3,10,3,3,'2014-04-23 17:25:08'),(582,1,'1140423172508','HIPOTIROIDISMO','71-80','M',1,0,6,0,0,'2014-04-23 17:25:08'),(583,1,'1140423172508','HIPOTIROIDISMO','81-90','M',0,0,0,0,0,'2014-04-23 17:25:08'),(584,1,'1140423172508','HIPERTIROIDISMO','18-20','F',10,3,5,0,0,'2014-04-23 17:25:08'),(585,1,'1140423172508','HIPERTIROIDISMO','21-30','F',5,10,11,6,6,'2014-04-23 17:25:08'),(586,1,'1140423172508','HIPERTIROIDISMO','31-40','F',12,12,8,9,9,'2014-04-23 17:25:08'),(587,1,'1140423172508','HIPERTIROIDISMO','41-50','F',6,9,6,9,9,'2014-04-23 17:25:08'),(588,1,'1140423172508','HIPERTIROIDISMO','51-60','F',3,15,5,11,11,'2014-04-23 17:25:08'),(589,1,'1140423172508','HIPERTIROIDISMO','61-70','F',2,3,10,3,3,'2014-04-23 17:25:08'),(590,1,'1140423172508','HIPERTIROIDISMO','71-80','F',1,0,6,0,0,'2014-04-23 17:25:08'),(591,1,'1140423172508','HIPERTIROIDISMO','81-90','F',0,0,0,0,0,'2014-04-23 17:25:08'),(592,1,'1140423172508','HIPERTIROIDISMO','18-20','M',10,3,5,0,0,'2014-04-23 17:25:08'),(593,1,'1140423172508','HIPERTIROIDISMO','21-30','M',5,10,11,6,6,'2014-04-23 17:25:08'),(594,1,'1140423172508','HIPERTIROIDISMO','31-40','M',12,12,8,9,9,'2014-04-23 17:25:08'),(595,1,'1140423172508','HIPERTIROIDISMO','41-50','M',6,9,6,9,9,'2014-04-23 17:25:08'),(596,1,'1140423172508','HIPERTIROIDISMO','51-60','M',3,15,5,11,11,'2014-04-23 17:25:08'),(597,1,'1140423172508','HIPERTIROIDISMO','61-70','M',2,3,10,3,3,'2014-04-23 17:25:08'),(598,1,'1140423172508','HIPERTIROIDISMO','71-80','M',1,0,6,0,0,'2014-04-23 17:25:08'),(599,1,'1140423172508','HIPERTIROIDISMO','81-90','M',0,0,0,0,0,'2014-04-23 17:25:08');
/*!40000 ALTER TABLE `TAB_PLANILHA` ENABLE KEYS */;
UNLOCK TABLES;

